{"cameraMode":{"drawMode":0,"name":"Shaded","section":"Shading Mode"},"sceneLighting":false,"audioPlay":false,"sceneViewState":{"showFog":true,"showMaterialUpdate":false,"showSkybox":false,"showFlares":true,"showImageEffects":true,"showParticleSystems":true,"showVisualEffectGraphs":true,"m_FxEnabled":true},"in2DMode":false,"pivot":{"x":-1.9006800651550294,"y":2.580000162124634,"z":4.910923957824707},"rotation":{"x":-0.28720930218696597,"y":0.0031389796640723945,"z":-0.0009592507849447429,"w":-0.9578763842582703},"size":12.3148832321167,"orthographic":false}