{"cameraMode":{"drawMode":0,"name":"Shaded","section":"Shading Mode"},"sceneLighting":true,"audioPlay":false,"sceneViewState":{"showFog":true,"showMaterialUpdate":false,"showSkybox":true,"showFlares":true,"showImageEffects":true,"showParticleSystems":true,"showVisualEffectGraphs":true,"m_FxEnabled":true},"in2DMode":false,"pivot":{"x":-0.09863904863595963,"y":1.5048279762268067,"z":0.5727853775024414},"rotation":{"x":0.3384847044944763,"y":0.00593766150996089,"z":-0.002136288210749626,"w":0.940960705280304},"size":4.586465835571289,"orthographic":false}