{"cameraMode":{"drawMode":0,"name":"Shaded","section":"Shading Mode"},"sceneLighting":true,"audioPlay":false,"sceneViewState":{"showFog":true,"showMaterialUpdate":false,"showSkybox":true,"showFlares":true,"showImageEffects":true,"showParticleSystems":true,"showVisualEffectGraphs":true,"m_FxEnabled":true},"in2DMode":false,"pivot":{"x":1.4189858436584473,"y":0.7822105884552002,"z":2.337676525115967},"rotation":{"x":-0.28720930218696597,"y":0.0031389796640723945,"z":-0.0009592507849447429,"w":-0.9578763842582703},"size":6.930903434753418,"orthographic":false}