{"cameraMode":{"drawMode":0,"name":"Shaded","section":"Shading Mode"},"sceneLighting":true,"audioPlay":false,"sceneViewState":{"showFog":true,"showMaterialUpdate":false,"showSkybox":true,"showFlares":true,"showImageEffects":true,"showParticleSystems":true,"showVisualEffectGraphs":true,"m_FxEnabled":true},"in2DMode":false,"pivot":{"x":-0.4361632466316223,"y":1.5284357070922852,"z":1.9344614744186402},"rotation":{"x":-0.05683622881770134,"y":0.9402151703834534,"z":-0.2727186679840088,"w":-0.19599872827529908},"size":0.4444636106491089,"orthographic":false}