{"cameraMode":{"drawMode":0,"name":"Shaded","section":"Shading Mode"},"sceneLighting":true,"audioPlay":false,"sceneViewState":{"showFog":true,"showMaterialUpdate":false,"showSkybox":true,"showFlares":true,"showImageEffects":true,"showParticleSystems":true,"showVisualEffectGraphs":true,"m_FxEnabled":true},"in2DMode":false,"pivot":{"x":-45.152069091796878,"y":2.532710313796997,"z":-32.38424301147461},"rotation":{"x":0.0029676591511815788,"y":0.9565351605415344,"z":-0.29150518774986269,"w":0.00972691923379898},"size":3.5541398525238039,"orthographic":false}