{"cameraMode":{"drawMode":0,"name":"Shaded","section":"Shading Mode"},"sceneLighting":false,"audioPlay":false,"sceneViewState":{"showFog":true,"showMaterialUpdate":false,"showSkybox":false,"showFlares":true,"showImageEffects":true,"showParticleSystems":true,"showVisualEffectGraphs":true,"m_FxEnabled":true},"in2DMode":false,"pivot":{"x":-27.27556800842285,"y":1.1911098957061768,"z":12.75273609161377},"rotation":{"x":-0.30139288306236269,"y":0.030294472351670266,"z":-0.009591368027031422,"w":-0.9529821872711182},"size":1.5062870979309083,"orthographic":false}