{"cameraMode":{"drawMode":0,"name":"Shaded","section":"Shading Mode"},"sceneLighting":false,"audioPlay":false,"sceneViewState":{"showFog":true,"showMaterialUpdate":false,"showSkybox":false,"showFlares":true,"showImageEffects":true,"showParticleSystems":true,"showVisualEffectGraphs":true,"m_FxEnabled":true},"in2DMode":false,"pivot":{"x":-5.4888176918029789,"y":4.749148368835449,"z":-0.26287949085235598},"rotation":{"x":-0.28720930218696597,"y":0.0031389796640723945,"z":-0.0009592507849447429,"w":-0.9578763842582703},"size":10.571303367614746,"orthographic":false}