{"cameraMode":{"drawMode":0,"name":"Shaded","section":"Shading Mode"},"sceneLighting":false,"audioPlay":false,"sceneViewState":{"showFog":true,"showMaterialUpdate":false,"showSkybox":false,"showFlares":true,"showImageEffects":true,"showParticleSystems":true,"showVisualEffectGraphs":true,"m_FxEnabled":true},"in2DMode":false,"pivot":{"x":0.29133105278015139,"y":1.8459079265594483,"z":-7.267819881439209},"rotation":{"x":-0.30139288306236269,"y":0.030294472351670266,"z":-0.009591368027031422,"w":-0.9529821872711182},"size":2.7405102252960207,"orthographic":false}